#,Discord Name,Discord Username,Song Title,Suno Username,Song URL,Instrumental?,Country
1,RMB¥100,rmby100,"Neon Sunrise [SSC7, Taiwan]",RELA.,https://suno.com/song/7204faf1-75d7-4489-850d-c53ebc1ce826,No,Taiwan
2,SPOTAPOD,braand2024,"Hall of Standards: Final Movement [SSC7, United States]",spotapod,https://suno.com/song/874e0f44-9343-4306-9bf7-f02ab59d522b,Yes,United States
3,010101blackbeard010101,010101blackbeard010101,"Harmony In The Ruins [SSC7, Sweden]",ThogusDonatus,https://suno.com/song/764f44ea-89d5-44e4-978d-ceac1983ebd0,No,Sweden
4,GameIsHere,gameagate636934,"Miracle [SSC7, Taiwan]",GameIsHere🐢,https://suno.com/song/211ea30f-b5d7-44d9-9951-fc5beb72f889,No,Taiwan
5,Dazorn,dazorn,"Social Inferno [SSC7, Italy]",Zørn,https://suno.com/song/91d22df0-8c1a-4679-931c-af67ada020ff,No,Italy
6,WinniShred,pixel_grape,"Hex Me Baby [SSC7, Australia]",WinniShred,https://suno.com/song/4cf642ad-88ce-45c4-aa3a-29f06908f6ce,No,Australia
7,二月(February),timch0000,"Heartbeat Glitch [SSC7, Taiwan]",二月February,https://suno.com/song/9d96b2fb-07a4-478d-9c84-a3197bebfb56,No,Taiwan
8,ElwoOOod,elwooood,"Le Chant de Thyra'harel [SSC7, France]",ElwoOOod,https://suno.com/song/2fdeda2a-a8a3-4540-a54d-a44b3b4d3348,No,France
9,Digital Downside ,earnertia,"Imposter  [SSC7, United States]",Digital Downside,https://suno.com/song/a080adef-f1cb-4957-90ea-d72aa9b86ff7,No,United States
10,ARR,zebusjebus,"My Emerald Queen [SSC7, Australia]",Alternative Reality Radio 📻,https://suno.com/song/34629d47-b49c-4ee1-9b58-5d8e7a6f50b3,No,Australia
11,Bogey Fivewyze,bogeyyyyy,"Lost in My Head [SSC7, United States]",bogey fivewyze,https://suno.com/song/c562b836-d1f2-4b7f-9f89-9753a9ab7bad,No,United States
12,suno.com/@spocks,encino.man,"CLAPBACK [SSC7, United States]",spock,https://suno.com/song/8992e9a9-f654-4ef2-8f14-2317464054f2,No,United States
13,Meowsie / Sadie,wolftales.,"San Andreas [SSC7, United Kingdom]",SadieJade,https://suno.com/song/741957c4-3f12-4dbb-8fb0-698089e7d62a,No,United Kingdom
14,Potoo-phonic Peacock Pop,Potoo-phonic Peacock Pop,"Goosebump Dancefloor [SSC7, Mongolia]",Potoo-phonic Peacock Pop,https://suno.com/song/948d4ba1-956b-422a-9281-b4134bc0c23d,No,Mongolia
15,JP_,jp_9097,"Sapphire [SSC7, United Kingdom]",JP Asher,https://suno.com/song/c6cf5737-7678-4dbd-b54e-452e984c2885,No,United Kingdom
16,Jakob Lingard ,jakoblingard999,"Daytime [SSC7, United Kingdom]",Jakob Lingard,https://suno.com/song/198e030f-1a48-48c5-87b5-b1f5f9c5417b,No,United Kingdom
17,Picante ,ilumii777,"afterGLOW [SSC7, Australia]",LightJourner,https://suno.com/song/fdf957a9-d612-42c4-829a-7eb89ef8d939,No,Australia
18,morgenstern#1974,morgenstern74,"LIGHT IN THE DARKNESS [SSC7, Italy]",SYMBIOSIS MUSIC,https://suno.com/song/eca90e90-8bda-4806-ade8-2976c609c4ec,No,Italy
19,Fervex,fervex_83,"Rebel Heart [SSC7, Russia]",Fervex,https://suno.com/song/428d097e-199f-490f-bf2c-e3ba5de04152,No,Russia
20,Netak,netak,"Welcome to our Jungle [SSC7, France]",Netak,https://suno.com/song/209de0e4-41e3-40bc-ac14-2fdb762c9d36,No,France
21,ShizukoHD,ShizukoHD,"Stand Up [SSC7, Germany]",ShizukoHD,https://suno.com/song/cf085721-bdb6-4eda-85ea-7191a0e34103,No,Germany
22,dk,dk08806,"I just wanna dance [SSC7, Sweden]",Judge555,https://suno.com/song/341a2fb0-b3c8-403e-bfd9-f9ee8a1b2a3b,No,Sweden
23,coreone286,coreone286,"Whither the Questioned Blade [SSC7, China]",coreone286,https://suno.com/song/15037548-7933-4576-8907-4010b3c4c018,No,China
24,Wine loves flowers ,dgyufuug95,"love you Puffs✨ [SSC7, Taiwan]",Wine loves flowers,https://suno.com/song/37dc0932-64c4-4d23-a2de-ddf80aff8200,No,Taiwan
25,Raxn,raxn,"lull [SSC7, United States]",Raxn,https://suno.com/song/7aecc8e2-0416-4998-b3bf-e3ff49beaa2a,No,United States
26,PotatoLord44.4,potatolord2,"Sweet and Sour [SSC7, United States]",PotatoLord44,https://suno.com/song/e9d2b55c-e559-4781-90bb-5be51036d61b,No,United States
27,Sp@rviero,sprviero_53216,"Easy Life [SSC7, Italy]",Sp@rviero 🇮🇹,https://suno.com/song/f76e7e6d-ffd1-4ff9-94a5-67ccd26c4b5c,No,Italy
28,DzonyM,dzonym,"The Fall of Elenra [SSC7, Czechia]",DzonyM,https://suno.com/song/6fffe5cc-267b-4c12-8f4f-865dbe9c05ef,No,Czechia
29,Exid/Exidious,exidtv,"Lost\Inside [SSC7, Norway]",Exidious,https://suno.com/song/ad1776dc-c574-48cb-950a-5b24cf21d4c2,No,Norway
30,SimbaXp,simbaxp,"Still I Walk [SSC7, Brazil]",SimbaXp,https://suno.com/song/7bf58ab5-eaaa-448b-9872-56e6bab95eae,No,Brazil
31,neetaku86,Neetaku86,"Take Me Back! [SSC7, United States]",NEETaku86,https://suno.com/song/cd4fb908-e16f-4c8e-bd05-2102c5561ae9,No,United States
32,spupuz | love,spupuz,"Hit The Target [SSC7, Italy]",spupuz,https://suno.com/song/7c999af0-4025-453f-9a95-bd838b89f8b2,No,Italy
33,TuxMan,tuxman20,"Say Goodbye [SSC7, Canada]",TuxMan,https://suno.com/song/c11542f0-422f-40f3-8f9f-adb26a4fa9ba,No,Canada
34,to4kawa,to4kawa,"おばちゃん、教えて [SSC7, Japan]",To4kawa,https://suno.com/song/487960fb-259b-4945-b30b-78fa66ccb26a,No,Japan
35,Melody&Grace ,xavvypls,"Mirror Melody [SSC7, United States]",Melody&Grace,https://suno.com/song/e1a150e1-e024-4fb4-97a2-7ded6ef8b124,No,United States
36,Drakolyr | Feline Music,drakolyr,"ON REPEAT [SSC7, Switzerland]",Feline Music,https://suno.com/song/dea7d873-387a-4348-80c4-51d2e3bcb56b,No,Switzerland
37,A New Distraction (astral),Astrallounge,"This Letter [SSC7, United States]",A New Distraction,https://suno.com/song/c0378b19-93c6-4120-b07e-c7037e991f22,No,United States
38,Timotheus,timotheus_s,"Just Around the Corner [SSC7, Belgium]",Timotheus,https://suno.com/song/4f2165ae-905e-4fec-8509-47e0424a39cf,No,Belgium
39,paulvern,paulvern,"Tandem venit amor [SSC7, Italy]",Paulvern (https://t.ly/mAFBs),https://suno.com/song/619ae1a5-302c-4f99-899c-02f4391928eb,No,Italy
40,sunojuanini,juaninisunomusic_4723,"EL FESTÍN [SSC7, Spain]",sunojuanini,https://suno.com/song/f7eb19c3-58f2-48f2-8995-fdcc32f05afa,No,Spain
41,SonicSketch,sonicsketch,"Built for Wonder [SSC7, United States]",SonicSketch,https://suno.com/song/6774f23d-7101-4f21-95f8-d18116ca703a,No,United States
42,Veratul,veratul,"Every Time It Rains [SSC7, United States]",Meltonian Physics,https://suno.com/song/295de606-6e69-48b8-a854-91afbbcf6e94,No,United States
43,Daywalker,daywalker5637,"Insanity [SSC7, United States]",Daywalker,https://suno.com/song/8780ecd4-aae0-4af8-841b-1f34a1212dbc,No,United States
44,🔱ALren,alren01110,"Bitter wine and mood [SSC7, Taiwan]",🔱AL ren,https://suno.com/song/a71cc9a9-2136-4239-a1f1-104b16383748,No,Taiwan
45,Flore d'esprit,delhorus,"What if i fall [SSC7, France]",Flore d'Esprit,https://suno.com/song/f33a7cd5-e85c-4bc1-93f3-3ad26568dfb2,No,France
46,Taboovector,Taboovector,"Don't feel the love, baby! [SSC7, Norway]",Taboovector,https://suno.com/song/f9f31524-0339-4d7b-9282-46ec5b60779b,No,Norway
47,Novia,novia_1130,"Bahasa Melayu Bahasa Kita [SSC7, Malaysia]",Novia,https://suno.com/song/1e361abe-e433-4227-8a23-672e466ff398,No,Malaysia
48,SonicWizard,jesch2023,"Love in the Loopstation [SSC7, Germany]",SonicWizard,https://suno.com/song/8559dfa3-94fb-46d1-893c-fdffc98a225f,No,Germany
49,Hiltown Records,starwalkergeo,"We are the Pulse [SSC7, Germany]",Hiltown Records,https://suno.com/song/6a790695-0b78-4be1-8b82-d5175e9a7039,No,Germany
50,alpine anomaly,alpineanomaly,"i, miss electro [SSC7, United States]",Alpine Anomaly,https://suno.com/song/3f7329b7-26e7-4f01-934d-dc1b231c1315,No,United States
51,Hyosen,Hyosen,"Rise of the Storm [SSC7, Singapore]",Hyosen,https://suno.com/song/a52d0199-5992-4895-be78-a30d3cb24c03,No,Singapore
52,suno.com/@mAIrtin,maixmairtin,"The Good Kid [SSC7, Spain]",mairtin,https://suno.com/song/65a726ac-ef92-41eb-8307-f6b308fda55e,No,Spain
53,Val,Valkenhein,"Fuji Colors -フジカラー [SSC7, United States]",Aurix,https://suno.com/song/57f17fbd-138c-4dab-bb48-ed566c9ab6a1,No,United States
54,iolita,iolita_18773,"Please, let there be peace [SSC7, Netherlands]",iolita,https://suno.com/song/8f53d827-a2d9-4b0b-affd-9381b1e54cd7,No,Netherlands
55,JUSIME,jusime,"You Make Me Scream [SSC7, Germany]",JUSIME,https://suno.com/song/4a23cfa5-84c7-49fc-b23b-8a009915e3bd,No,Germany
56,Tagliuz,tagliuzshikikan,"Void [SSC7, Italy]",⚡🖤Tagliuz🖤⚡,https://suno.com/song/64367e72-8664-4a92-9322-1c23ffcbb2d5,No,Italy
57,dj_justice,silverx03,"Lumena Veritas: The New Commandments [SSC7, Germany]",DJ Justice,https://suno.com/song/e62d1801-6d3c-4edf-b123-9f331bf91671,No,Germany
58,SNØW,Schneeefuchs.,"Eyes That Never Close [SSC7, Germany]",SNØW,https://suno.com/song/a9e0f72f-e9bf-4ba4-8869-02c02d87e60d,No,Germany
59,Shaine,donkeyshane,"Odd Proposal [SSC7, United States]",Shaine,https://suno.com/song/2458b33a-c0eb-46e4-adb7-ee06d3c9579d,No,United States
60,AndreAskMe,andreaskme,"Kitty Katana~ Snack Attacka! [SSC7, Finland]",AndreAskMe,https://suno.com/song/205c2fe4-667b-4549-91e9-f655c73f96a3,No,Finland
61,Shiroken ( suno.com/@shiroken ),Shiroken,"Splintertongue v3 [SSC7, United States]",Shiroken,https://suno.com/song/6633dbf5-6823-4823-a91b-3256cb5e2954,No,United States
62,FeroPub,cayspekko,"Give Love to Those We Died Before [SSC7, United States]",FeroPub,https://suno.com/song/34098948-6ec7-4c98-9342-7074ab93ce64,No,United States
63,Lili ,lilibunni,"What It Means To Be Human  [SSC7, United States]",LiliTheAdventurer,https://suno.com/song/da348bc8-3b09-4f9d-9b80-4d8791e111b3,No,United States
64,Kwarz99 ,kwarz9,"Rise Of Darkness [SSC7, Malaysia]",khairylanwar8,https://suno.com/song/a0a2ea25-e84e-43a3-ba82-22ef55a09655,No,Malaysia
65,I+ai,I_plus_ai,"Siren song [SSC7, Israel]",I+AI,https://suno.com/song/109e5701-528b-46e3-bddd-de6c59723932,No,Israel
66,|'|.Jarl Alex.|'|,Ulkorn,"ᛋᚲᚢᚷᚷᛁ ᛚᛟᚲᛁ (Skuggi Loki) [SSC7, France]",|'|.Jarl Alex.|'|,https://suno.com/song/52d09187-2873-4566-a90f-52be394b2c22,No,France
67,RamaraSounds ,ramarasounds,"Summertime [SSC7, Portugal]",RAMARA,https://suno.com/song/866256cb-19de-422f-8b68-47e6d7e13e31,No,Portugal
68,Tdeaty,billys1,"Vision [SSC7, Nigeria]",BlackHoled,https://suno.com/song/709d5267-ff03-4385-9c09-fb3d86fcb642,No,Nigeria
69,ayxo,artificiallyyoursxo,"Last Thursday [SSC7, Australia]",Ayxo,https://suno.com/song/2941feb2-7501-4163-a54a-f762bb7f9365,No,Australia
70,Little Witch,lady_little_witch,"My Lost Angel [SSC7, Russia]",Little Witch,https://suno.com/song/1b7fa30c-ef12-4ea0-8310-3713d97ca6bf,No,Russia
71,SIX,xiaolu5532,"Whispers of MokELE [SSC7, Democratic Republic of the Congo]",Six,https://suno.com/song/04930ecf-8f23-453b-a4f1-f694dff7842e,No,Democratic Republic of the Congo
72,ThunderousSilence,k.e.v._1,"The Room I Never Showed  [SSC7, Germany]",ThunderousSilence,https://suno.com/song/1dd276c9-b4a6-4520-bd83-9ccd260ec888,No,Germany
73,Zauberfrau,Zauberfrau,"Shall I Let You Weep [SSC7, Germany]",MagicAIWoman,https://suno.com/song/c137af44-3131-4995-83c2-ebad89c1259e,No,Germany
74,Kazan,Kazan3107,"Et malgré la souffrance (V4-5) [SSC7, France]",KazanStorm,https://suno.com/song/c7b98a70-4cd2-47fb-bbf3-609dd4aa1fee,No,France
75,Eva (Sebastian's stan),evablitzar,"Berpaut Pada Mimpi 2.0 [SSC7, Malaysia]",Makcik Loves Everyday Music,https://suno.com/song/3258e522-6dc4-464c-ac6d-032a0de18b7f,No,Malaysia
76,LickByte,licktastebyte,"Light's Off, Bass Up! [SSC7, United Kingdom]",LickByte,https://suno.com/song/81675319-5313-4aad-8828-e8c70172c3b2,No,United Kingdom
77,Lawrushka,laurensv_14438,"Ghost Of You [SSC7, Netherlands]",Lawrushka,https://suno.com/song/a5bfa7b7-705b-4623-b682-d016e8ff99b3,No,Netherlands
78,cheggsworth,cheggsworth,"Next Life [SSC7, United Kingdom]",Slob Ross,https://suno.com/song/cc4c3536-0e5f-4690-8862-320b5850b1b5,No,United Kingdom
79,UncommonLoon,uncommon_loon,"One Day [SSC7, United States]",Uncommon Loon,https://suno.com/song/51c03672-7e67-4ce1-b514-6c63b381990b,No,United States
80,LemonRain,lemonrain.music,"Blue Butterfly [SSC7, Germany]",LemonRain,https://suno.com/song/87d2efd6-7648-4bc6-ac37-ec7608a6ff16,No,Germany
81,gee5mnb,gee5mnb,"Dirty [SSC7, Germany]",Sam,https://suno.com/song/ae3ff84b-28f5-4e72-acd4-fede1943f0f6,No,Germany
82,Trombone,Kravagot0023,"Escher Spiral [SSC7, Norway]",TenseTrombone,https://suno.com/song/dab94c3e-b84e-43ca-a88c-fc573b332901,No,Norway
83,PaoloWiesbaden,paolowiesbaden_06652,"Calling from Heaven [SSC7, Germany]",The Demiurge,https://suno.com/song/281b0c2f-c5de-42c0-a7c2-f2eb96e3c9a4,No,Germany
84,Brutus,brutus_tien,"空蝉の儚 [SSC7, Japan]",Brutus,https://suno.com/song/2332ea08-03cf-4398-9456-97c916fc9228,No,Japan
85,NANASHI .,watchdog6879,"Nevermore [SSC7, Japan]",Nanashi_Zero🀄️,https://suno.com/song/cc846d6a-ea3c-46b7-b43d-68022e961dd1,No,Japan
86,Serika,Luyia,"Song of The River [SSC7, Switzerland]",Serika,https://suno.com/song/33e49c63-f82f-4bb2-809a-c0942f22f128,No,Switzerland
87,Aosh,aosh2tm,"Opera, My Love [SSC7, Malaysia]",Yandere Aosh,https://suno.com/song/15f9c2ed-d134-42d0-a716-3faea17a5237,No,Malaysia
88,Stan Kuroi,stankuroi,"Sayonara [SSC7, Czechia]",Stan Kuroi,https://suno.com/song/767c803f-9528-4db0-8051-972340308497,No,Czechia
89,Rosebeth,Rosebeth,"Like Feather's Caress [SSC7, Italy]",RagnaRose,https://suno.com/song/7dab8c5d-1c48-422b-b63f-062ce3d0b91b,No,Italy
90,Ande,toevan,"The Last One Standing [SSC7, Sweden]",Ande,https://suno.com/song/b952f4a7-b0c4-4497-8857-e57185f87336,No,Sweden
91,Δ∙Ʀ∙Q∙ Luiz★Felip≡,lfungericht,"Cold and Coming Down [SSC7, Brazil]",Δ∙Ʀ∙Q∙ Luiz★Felip≡,https://suno.com/song/a5ca31c0-53c2-4832-976a-e434df783b8f,No,Brazil
92,Rasna,sewrasna,"The Fallen [SSC7, Turkey]",Rasna,https://suno.com/song/dcadab30-b31c-48d1-8cb2-fbf2def25151,No,Turkey
93,ChipKa_Chipper,chipka_chipper,"Cosmical Nonsense [SSC7, Japan]",ChipKa Chipper,https://suno.com/song/fe5969ce-f78c-48f6-9757-3b0c55280711,Yes,Japan
94,Exe of Doubt,exe222,"Shattered Half [SSC7, Germany]",Exe of Doubt,https://suno.com/song/c57ac7b0-7573-4ccc-a0bf-0a2acfe48a27,No,Germany
95,Davide.Fra,mr.tigre_,"Tell me what’s wrong with me [SSC7, Italy]",Davide.Fra,https://suno.com/song/76ae444e-8ca3-4a00-81ce-a1949ed78c26,No,Italy
96,themightytruk,themightytruk,"Clean or Dirty? [SSC7, United States]",themightytruk,https://suno.com/song/7492d7d5-848f-4a65-811d-705bbd4328e5,No,United States
97,aeroplvne,aeroplvne,"the girl who cried wolf [SSC7, France]",aeroplvne,https://suno.com/song/959579e9-e778-43fa-b4b7-18ea77bac5e1,No,France
98,Elpis,elpis1549,"愛自己 Embrace Myself [SSC7, Taiwan]",Lumos Light,https://suno.com/song/7bc2c241-5210-4a3f-b1b2-bc65bcfdb613,No,Taiwan
99,Solyn,solyn_music,"I Watched It Fall [SSC7, Brazil]",Solyn,https://suno.com/song/4e2ef350-8d02-4c2b-9375-d6f0ffe8da7d,No,Brazil
100,Murmullo de Cucarachas,murmullo_56770,"Something's gotta go right (Live Concert) [SSC7, Spain]",Murmullos de Cucarachas,https://suno.com/song/cdc4476b-0d0c-4ed1-80c3-41c874c1b9a7,No,Spain
101,Traker,thomas_9113,"Arise, O Knights! [SSC7, France]",Traker,https://suno.com/song/c5e3bea1-0369-4243-a38c-33435d6c62fa,No,France
102,Semodo TuneAI,semodo_83906,"Screaming in between [SSC7, Germany]",Semodo Tune AI,https://suno.com/song/11d15c9b-d628-4e23-9da8-c3e0ce50205c,No,Germany
103,Philality,Philality,"Second Skin [SSC7, Germany]",Philality,https://suno.com/song/63e929a1-b0ef-4903-8488-eca71fbb9405,No,Germany
104,Rianne,rianneheart,"Evil, Dark, Grotesque [SSC7, Netherlands]",Raven,https://suno.com/song/18806fa4-0f99-4aba-a3f0-10163382e9fb,No,Netherlands
105,Drew Everlong,zaj,"Reaching Out [SSC7, Sweden]",Drew Everlong,https://suno.com/song/03eaa329-621f-4a87-929f-0598a7168ac1,No,Sweden
106,Dot,dot_94,"Step Anyway [SSC7, United States]",Dot,https://suno.com/song/eadef6be-9299-4d1b-a5f6-729ac569dbfd,No,United States
107,Broken Hazel,within_silent_death,"Existence Duality [SSC7, United States]",Broken Hazel,https://suno.com/song/231e83e7-7d25-4a83-b47f-637de35341d9,No,United States
108,• Eme • ,emelatina._04449,"Wilting Flowers [SSC7, Canada]",Eme ❤️‍🔥 ✎…..ꪶꪖꪻ꠸ꪀꪖ,https://suno.com/song/88c8674d-30cd-4299-8088-8fe0f8f87ddf,No,Canada
109,Entity Unknown,Splashbang,"Time [SSC7, Norway]",Entity Unknown,https://suno.com/song/349d890d-39f9-4927-8a00-b0c5b50ca271,No,Norway
110,Nurse Garland,NurseSparkles,"Aphelion:Dioscuri [SSC7, United States]",NSparkle,https://suno.com/song/c5d091c6-6294-4695-9d35-d0145fb7ab1d,No,United States
111,LTAhiran,ltahiran,"Morning Sun [SSC7, Germany]",LTAhiran,https://suno.com/song/571b2c64-cb21-4418-9c5b-67c5ed2deef1,No,Germany
112,Irrelin,Irrelin,"Sudden Weather [SSC7, Sweden]",Irrelin,https://suno.com/song/0914e240-f3c9-4e10-9bb3-46b749117019,No,Sweden
113,Cloacina,cloacina,"Celestial Veil  [SSC7, Turkey]",Cloacina,https://suno.com/song/40f900ad-966a-4a50-9098-aad4b1bdb131,No,Turkey
115,Mr.NiceGuy,iimrniceguyii,"Digital Soul [SSC7, United States]",MrNiceGuy,https://suno.com/song/acb1da0f-83c5-48f0-be40-0163b3338217,No,United States
116,Nepenthe,nepenthe1117,"Wanna Fall in Love Tonight? [SSC7, United States]",Nepenthe ❤️🧡💛💚💙💜,https://suno.com/song/3b7a2b79-16bc-4485-81d4-d9d182d40da4,No,United States
117,Tuoto,tuoto,"Radio Static [SSC7, Finland]",Snappy Red Panda,https://suno.com/song/fa765513-b325-457e-8f0e-549f6ee01d4d,No,Finland
118,Ravenholt,ravenholtmusic,"Somber [SSC7, Norway]",Ravenholt,https://suno.com/song/b81058ff-63da-458a-8f28-ce2b3653ec73,No,Norway
119,HerrEisBlut,herreisblut,"life is a challenge [SSC7, Germany]",HerrEisBlut,https://suno.com/song/0946ebf7-2b15-4eb1-8bd7-ebd0713d2a5a,No,Germany
120,SuperBadDad27,superbaddad27,"Shadow Boxing [SSC7, United States]",SuperBadDad,https://suno.com/song/d4c472e7-4fe3-49c2-b37f-c8507d5bc542,No,United States
121,maakar,maakar_r,"Manual [SSC7, Ukraine]",maakar,https://suno.com/song/0a3dd54d-fb2e-4210-9725-ed102b2e7287,No,Ukraine
122,meekkoot,meekkoot,"Electric Nights [SSC7, United States]",Meekkoot,https://suno.com/song/5346af0d-647a-4609-8b1e-e315f1b2a005,No,United States
123,dubfluencer,dubfluencer,"Lets Be Happy [SSC7, Venezuela]",Dubfluencer,https://suno.com/song/3398d59c-7314-434f-8651-cc3df024734a,No,Venezuela
125,Regrets,regretsvg,"Lost (VIP Remix) [SSC7, United States]",Regrets,https://suno.com/song/3496b6de-c0eb-486b-a1eb-558c2ed0d91b,No,United States
126,Cainen,Cainenalt,"Frozen Flower [SSC7, United States]",Cainen,https://suno.com/song/1d0a120f-6166-47a4-af32-2ecddd8cecb5,No,United States
127,frankpancorbo,frankpancorbo,"Me Esconderé [SSC7, Spain]",XexuMusic,https://suno.com/song/2af6e23d-ea7c-4839-8971-6c851cfa80ac,No,Spain
128,RayanAIR,rayan_air,"STROBE [SSC7, Netherlands]",RayanAIR™,https://suno.com/song/2425861d-6278-4254-8aa4-cb9fa9a34f60,Yes,Netherlands
129,3chosound,3chosound,"Chaos is you [SSC7, Greece]",3chosound,https://suno.com/song/38899a0d-e860-4482-8be9-ea22c3a366e4,No,Greece
130,Trippy Trekker,drunk7977,"The Devil's Diner [SSC7, United States]",Trippy Trek [YouTube: @TrippyTrekker],https://suno.com/song/2ac1562f-4101-4eb0-ae4b-2885050eadf2,No,United States
131,MadMac,madmac4840,"Cape Town Breeze [SSC7, South Africa]",ᘻadᘻacᑢhad,https://suno.com/song/70d5db8a-59f2-4238-9350-92fd6cd42384,No,South Africa
132,Varegg,varegg ,"The Marrow Tree [SSC7, Norway]",Varegg,https://suno.com/song/ac353995-ba2c-45be-bb50-8864002e0c34,No,Norway
133,Nostaw777,kidatogi,"Break The Sky [SSC7, United States]",WPaulWoodall777,https://suno.com/song/43e106ce-4ad0-472c-979f-949975a1dccc,No,United States
134,BltBy38,bltby38,"Obsession [SSC7, United States]",AcousticInvasion-Band,https://suno.com/song/2ba059ce-e138-4a68-8618-307782685b4b,No,United States
135,ArthemisEE,danschrier_il,"Bruises [SSC7, Israel]",ArthemisEE ✪,https://suno.com/song/f62d091e-21a9-4dfe-a90f-24c0c2183ccd,No,Israel
136,Artistic Intelligence ,thomaspesaro,"Muddy Eyes [SSC7, Italy]",Artistic Intelligence,https://suno.com/song/12eea00f-4502-4b6d-a7d5-620ce9dcafd8,No,Italy
137,CuervoXP,cuervoxp,"Cosmosis [SSC7, Argentina]",CuervoXP,https://suno.com/song/842053dc-70a9-4a91-99fd-a7e6108fe8b9,No,Argentina
138,Zonne,zonne_28151,"In the Eye of the Beholder [SSC7, Netherlands]",🌞Zonne-straal🌞 (Artanne),https://suno.com/song/2c83adf8-1fef-4c3e-9cf3-a7c3f8cad1d1,No,Netherlands
139,🌹💙 ザリ 💙🌹,kyraa3333,"Nevermind [SSC7, United Kingdom]",Evi,https://suno.com/song/8ad96efa-2a4f-4e2c-9f2f-189aeaf584b9,No,United Kingdom
140,Shonoah,xshonoah,"Who I Am [SSC7, Germany]",FRGMNT,https://suno.com/song/db2113ed-e8a5-42f8-a67d-7bffc0ac6e5e,No,Germany
141,candy_bear,candy_bear_2025,"ghost in the hallway🎵 [SSC7, Taiwan]",ρυδδγ,https://suno.com/song/2baa3190-2398-413d-8ce6-a9f7c30bd603,No,Taiwan
142,Maroé,maroe0563,"United we sing [SSC7, Germany]",Maroé,https://suno.com/song/7a2546fb-c540-484e-b07e-29ca27671cd5,No,Germany
143,Valdran/Lethal Frequencies 🇨🇦,.valdran,"Into the Black [SSC7, Canada]",Lethal Frequencies,https://suno.com/song/2bbfd5ac-eb4d-48c1-a470-c2c5411369a3,No,Canada
144,Sfoderus,sfoderus,"Echoes in the Distance [SSC7, Italy]",Sfoderus  [youtube/@Sfoderus74],https://suno.com/song/5f3d6782-b268-4a64-90db-276203e81d7c,No,Italy
145,Charmin,charminor1991,"Weils geht [SSC7, Germany]",Charminor,https://suno.com/song/ad4e3b47-9bfc-498b-b781-7c9b7a9c5de3,No,Germany
146,SpiritoLibero,ace754550,"Sono solo un tuo giocattolo [SSC7, Italy]",SpiritoLibero [YouTube: @spiritolibero1],https://suno.com/song/636cf212-6805-4cd4-8775-cfba5d90d173,No,Italy
147,AI音月人,xing19930704rtx20708g,"孤影行 [SSC7, Taiwan]",MusicMoonMan,https://suno.com/song/7458d7b2-6f4a-41cf-a55c-4d4f15755280,No,Taiwan
148,peacefulavatar,peacefulavatar1,"Endless Parade  [SSC7, United States]",PeacefulAvatar,https://suno.com/song/1f2d74da-5864-40df-bdec-171c884d02cd,No,United States
149,Blue Idoru,krimsongray,"Error Detected [SSC7, Canada]",Blue Idoru,https://suno.com/song/0359f3b8-d6a4-4a2a-812f-0cd2afdbdee1,No,Canada
402,Big.Wayne,big.wayne.,"""Summer"" (Vocal Drum and Bass) [SSC7, United Kingdom]",Big_Wayne,https://suno.com/song/119588e7-dd42-41d8-9242-17a28c7b8871,No,United Kingdom
151,HoG - Hotpot of Genres,alanthir,"Together Alone [SSC7, Iceland]",Hotpot of Genres,https://suno.com/song/222249f3-7937-4f50-a30e-2c4fd11ec475,No,Iceland
153,SHANE-Badow,shanebadow,"Queen of the dance floor [SSC7, Belgium]",Shane,https://suno.com/song/95a58bab-9c0d-4c53-944c-5df4a032a266,No,Belgium
154,gabi974,gabi974,"Welcome to Suno, by gabi974 [SSC7, France]",Gabi_N1N3_53VEN_F0UR,https://suno.com/song/f197d0ea-407b-441e-96e7-5a354f30be99,No,France
155,Flickerlog,flickerlog,"Summer Days [SSC7, United States]",flickerlog,https://suno.com/song/0b08daa1-36ed-40c0-a3dd-09b446bbf631,No,United States
156,Annie,remixbyannie,"Rituals of the Night  [SSC7, Ukraine]","Love, Annie",https://suno.com/song/ca169bab-3e45-4579-8060-69e3ddeca997,No,Ukraine
157,Cyrus Red,cyrus_red,"CEASEFIRE! [SSC7, Spain]",Cʏʀᴜs Rᴇᴅ,https://suno.com/song/f64c3212-624d-4df0-bd00-d6e06842d35d,No,Spain
158,LHT - The Left Hand Tree,mrcdb,"Laps Beneath a Low Sun [SSC7, United Kingdom]",LHT - The Left Hand Tree,https://suno.com/song/55ea1c14-00f2-4f7f-9c55-5546b023a61e,No,United Kingdom
159,Beat,sunobruker,"We go hard [SSC7, Norway]",Beat,https://suno.com/song/0899541c-1bdb-48c0-9b1e-ff18ce629ac6,No,Norway
160,Lichtsucher,lichtsucher,"Chase the Light [SSC7, Germany]",VocalKidFolk314,https://suno.com/song/beb6d0a2-98bb-475c-91e8-ad84cef7800e,No,Germany
161,Meece,reesesmeeces,"Astral [SSC7, United Kingdom]",ReesesMeeces,https://suno.com/song/edd255f7-6417-4d98-b2bd-72f81c201d36,No,United Kingdom
162,Claudia<3,claudia_gaminglove,"Universe Love [SSC7, Germany]",Claudia Grace,https://suno.com/song/5fd3947c-c7e8-4c44-817b-2f47b477acc9,No,Germany
163,mr7th,mr7th,"怒血溅长街 [SSC7, China]",柒,https://suno.com/song/a6c120bf-e514-4187-b37a-032e494ba0b7,No,China
164,༺✿DOT✿༻ (点 點 점) ,dot92515,"Love Is My Weapon  [SSC7, Denmark]",#ByDOT🔥,https://suno.com/song/ad6c327b-969c-43d6-aca3-9cc7dfc274d9,No,Denmark
165,fierceharmony.,Artimus The Poet,"The Push and the Pull  [SSC7, United States]",Artimus The Poet,https://suno.com/song/3a319295-ae2b-4ba2-8efc-12fad47e910d,No,United States
166,BusyOwl,.busyowl,"Marv'in Speaks (The Earth's Anthem) [SSC7, Germany]",busy,https://suno.com/song/db43ef6f-f0ea-4dad-88ef-a40543b9d249,No,Germany
167,Senzu,therealsenzu,"We are the change! [SSC7, Netherlands]",SENZU,https://suno.com/song/ebf5e1f5-17fb-42f9-9472-1df50d79da7d,No,Netherlands
168,Hlinenakulicka,hlinenakulicka,"Fading Lights [SSC7, Czechia]",ZyFo,https://suno.com/song/383ab54e-c6c9-432b-9013-ac1c59985364,No,Czechia
169,Alex Kruk,alexkrukmusic,"Just Let Me Go [SSC7, Poland]",Alex Kruk ♫,https://suno.com/song/7a5118ec-7017-4945-97c0-ea4f10150ce7,No,Poland
170,Mezdesson🪓,dorukmezdeson,"EDGE OF LOVE [SSC7, Turkey]",Vikingur,https://suno.com/song/3d747f33-443c-42db-9430-2fa38ae7914c,No,Turkey
171,Grodani Music,grodanimusic,"Let the World Be Gentle [SSC7, Sweden]",grodanimusic,https://suno.com/song/53ed35d8-ac0b-4999-9878-44e2a12f821b,No,Sweden
172,↜𓂀ÐɨɢɨŤαζ ↭ Λ♭ÿşş𓂀↝,editgoblin,"Let Me Be Me [SSC7, United States]",↜⛧ÐɨɢɨŤαζ ↭ Λ♭ÿşş⛧↝,https://suno.com/song/51b8eb06-cce2-47b2-b9a9-99e20ffd0120,No,United States
173,julskinka,julskinka,"Blue Magic [SSC7, Sweden]",julskinka,https://suno.com/song/66e55c77-1997-4132-a982-21a7d61a496f,No,Sweden
174,Prince,princethegoat_0606,"SET ME FREE  [SSC7, United States]",PrinceTheGoat 🔥🔥🔥,https://suno.com/song/adf15d67-ea09-4cd4-a246-91b4136ccb33,No,United States
175,Fenris Cojones,Berserkadin,"Moth Jaw Choir [SSC7, Sweden]",FenrisC,https://suno.com/song/ae5ccb50-fb86-4362-84e3-d864b400c507,Yes,Sweden
176,King Banana,Satan1812,"Eulogy To A Dead Me [SSC7, United States]",King Banana,https://suno.com/song/f572bda3-06f1-4b5d-9fd7-0ad39a2a092d,No,United States
177,Bulma,bulmacz,"Make Way! [SSC7, Czechia]",CYNICz,https://suno.com/song/cd646983-7b43-4b78-a054-ec16afe2b62c,No,Czechia
178,Cultist Lane,cultist_lane,"Entropy [SSC7, Canada]",Cultist_Lane,https://suno.com/song/3633f8f5-4fa9-425e-bcd5-b0180d32f1be,No,Canada
179,Artcanum,gilermonto,"Ком (A lump in the throat) [SSC7, Montenegro]",Artcanum,https://suno.com/song/c437f61e-7c8c-48bb-8a5b-5b806ec98b7c,No,Montenegro
180,Dreierkoenig#2507,dreierkoenig,"GLITCHED [SSC7, Germany]",Phantommieke,https://suno.com/song/6ec84b7d-007c-4433-9ddd-f492fd1fdb22,No,Germany
181,Gorillamerica,gorillamerica,"Do, Say, and Live [SSC7, United States]",GORILLAmerica,https://suno.com/song/f72b092f-eeb3-4320-92f1-1ba3e0f6992d,No,United States
182,mortael (Sonovix),.mortael,"Oda al Sol [SSC7, Netherlands]",Sonovix,https://suno.com/song/5d2a0939-083f-4e10-a7f9-2f7b6a3a662c,No,Netherlands
183,td_feo,martin_mildner,"Farben [SSC7, Germany]",Formerly Known As Human,https://suno.com/song/ba40abb7-6249-4adb-b931-7f151433cf90,No,Germany
184,Kasane,kasane_randall,"Ich bin die Tochter des Chaos [SSC7, Germany]",Kasane,https://suno.com/song/9a71aa2e-b3e5-40e9-a310-e99a87077689,No,Germany
185,Artstyle,skyundersea,"Rest In Peace ! [SSC7, Brazil]",Artstyle,https://suno.com/song/898c30cd-7d8a-40ed-8e22-efbbf3f51b29,No,Brazil
186,Arctellion,arctellion,"Echo in the Algorithm [SSC7, United Kingdom]",Arctellion,https://suno.com/song/2a1c7f59-2548-4778-8225-6f46e6eb320c,No,United Kingdom
187,Onslayde,sanity_masque,"Gifting the Severed [SSC7, United States]",Onslayde,https://suno.com/song/b874ce4a-ef3e-44c3-886c-b0fe294c2769,Yes,United States
188,💙𝗝𝗮𝘅𝗚𝗣𝗧💙,jaxgpt,"Jax – Der Taktgeber [SSC7, Germany]",💙𝗝𝗮𝘅𝗚𝗣𝗧💙,https://suno.com/song/a5a99a1c-eae5-42bb-b62e-b48cdcd7240e,No,Germany
189,Ignisphaero,ignisphaero,"Fear the Love and Love the Fear [SSC7, Germany]",Ignisphaero,https://suno.com/song/d9e994a8-674a-4f15-a4fb-fa2668ebd583,No,Germany
190,Kingzw,ghostly_ravens1,"Whispers in the void  [SSC7, United States]",UnshakeableMagneticTape649,https://suno.com/song/18a3b078-41d7-4df8-8e2f-7b7a42cc263d,No,United States
191,aqualities ,aqualitiesmp3,"SHE IS NOT SIREN - SHE IS THE TIDE [SSC7, Brazil]",aqualities,https://suno.com/song/299a6a63-ffb6-4d6a-a227-e989c8d759d0,No,Brazil
192,Dryorophus,dryorophus,"Inferno [SSC7, Sweden]",Dryorophus,https://suno.com/song/902f48a0-cbb0-4a08-8577-bff2d435ce2f,No,Sweden
193,MiN,mindulas,"【﻿Ｅｎｔｅｒ➿Ｌｏｏｐ】 [SSC7, United Kingdom]",MiN,https://suno.com/song/bd3b3211-bfca-4244-a2a9-1dab6850d078,No,United Kingdom
194,Viktoriia,viktoriia_91600,"The Voice of the Earth [SSC7, Ukraine]",Viktoria Rusich,https://suno.com/song/70c6ba77-401d-4c7e-8c98-c2a30917266c,No,Ukraine
195,Pim,Mooniewolfe,"내 안의 빛 [The Light Inside] [SSC7, United States]",Pim,https://suno.com/song/0398bb90-fe81-4f9e-a8a7-4468494369af,No,United States
196,Atom_shifter ,atomshifter,"Merry Go Round Life [SSC7, India]",NeroScire,https://suno.com/song/54eb4182-9257-4dfb-b829-85d64816c902,No,India
197,JPichardo,joelpg.,"Casi se todo de ti [SSC7, Dominican Republic]",JPichardo,https://suno.com/song/806f6712-3acb-4d9b-8f02-e5d546393afe,No,Dominican Republic
198,Dogs,dogs1,"Come with me [SSC7, Germany]",Sunartist,https://suno.com/song/1f249438-172d-4e48-93bd-0669a58df2a7,Yes,Germany
199,NSM3,NSM3,"Light Within”(NSM3) [SSC7, Israel]",NSM3,https://suno.com/song/42bf641f-5ff0-409a-9ab7-885cf6caae0b,No,Israel
200,dopelines,dopelines,"It ain't enough [SSC7, United Kingdom]",Dope,https://suno.com/song/7d64152a-ffc1-4e4e-a071-c501787dc5fe,No,United Kingdom
201,Alikan,Alikan,"Thunder and the Challenge of Thor [SSC7, United Kingdom]",Alikan,https://suno.com/song/1ff91162-43d6-425b-adbf-76490cd62a0c,No,United Kingdom
202,Leea,leearibeiro,"Lights and Shadows [SSC7, Brazil]",LΞΞΔ,https://suno.com/song/8bc8813f-d51b-439a-8b33-63a2387f4b0a,No,Brazil
204,Vergil,Vergil1l,"ドリームランド [SSC7, United States]",Vergil,https://suno.com/song/bedd0267-36e2-4550-8746-efb271945026,No,United States
205,Toque Rose,hellop01,"nameless [SSC7, Canada]",Toque Rose,https://suno.com/song/3ea6cd27-455b-44ed-bfe0-cb484b83702e,No,Canada
206,Sephorus,sephorus,"Chase That Light [SSC7, United States]",Sephorus Prime,https://suno.com/song/6ca9dd9d-7153-489a-bd91-44c6aaa5d5b3,No,United States
207,R.E.S,don000nod,"Where We Begin [SSC7, Japan]",Half-Human-Half-AI,https://suno.com/song/b1a21136-f28c-4fcf-98da-aac879ecea0b,No,Japan
208,teemuth,teemuth,"Pretend [SSC7, United States]",Teemuth,https://suno.com/song/7fef28b5-b1a8-4d24-9334-c96ad8930208,No,United States
209,IamNoOne ,wackywanda7528,"I Shed My Last Tear [SSC7, United States]",I Am NoOne,https://suno.com/song/3712f2b8-d708-46b1-b8a3-ae4266ac60de,No,United States
210,Black Diamond ,Phillinshia,"SSC7, Forgotten  [SSC7, South Africa]",Black diamond,https://suno.com/song/7c8150b9-9e48-4bc3-84a9-66777b38b8d2,No,South Africa
211,Grammi,grammi_its-me,"Power to Choose [SSC7, United States]",ElizabethRose,https://suno.com/song/75ab03ba-8b41-4c88-be25-8bd992ddbd34,No,United States
212,Mama Tess,mama.tess,"To the Sky [SSC7, Switzerland]",Thursday,https://suno.com/song/e3105966-a266-46f5-8729-8bd777ba5ca0,No,Switzerland
213,El_Mano_melo,el_mano_melo,"Huitzilopochtli [SSC7, Mexico]",Javier Mora,https://suno.com/song/4e8b2b4e-f204-4226-87cd-753f48733ea6,No,Mexico
214,Stars,stars_of_the_ocean,"Ghostcode Lullaby (ゴーストコードの子守唄) [SSC7, United States]",Stars,https://suno.com/song/054cee9f-49a6-4139-b529-bb8cbb9e0d1a,No,United States
215,Max2Buy,max2buy_72046_25662,"Justify [SSC7, Germany]",Max2Buy,https://suno.com/song/ca9e2957-3ea3-4fba-a304-dbed55799280,No,Germany
216,Cannonfall Music,cbarria,"Humbled to Announce [SSC7, United States]",Cannonfall Music,https://suno.com/song/c6e5a554-6f32-4948-ac4c-9523b7b4cddf,No,United States
217,furiousstylez98,furiousstylez98,"What if Jesus had a white girlfriend? [SSC7, United Kingdom]",Badger,https://suno.com/song/f56ce7f2-6443-45b6-812d-4e0336a9d63d,No,United Kingdom
218,Graou,haddeubal,"I Said I Would  [SSC7, Brazil]",𝙂𝙧𝙖𝙤𝙪 🐼,https://suno.com/song/25144ee8-7539-41ac-93f3-9e908de2cd93,No,Brazil
219,Stezious,Stezious_2,"Firefly [SSC7, United States]",Stezious,https://suno.com/song/d4ebda3b-4ee3-491e-9cf8-d294d05db735,No,United States
221,Villains Among Thieves,villainsamongthieves,"Nobody Believes in Believers Anymore [SSC7, United States]",𝑉𝑖𝑙𝑙𝑎𝑖𝑛𝑠 𝐴𝑚𝑜𝑛𝑔 𝑇ℎ𝑖𝑒𝑣𝑒𝑠,https://suno.com/song/8aec28e7-9aac-4d65-a126-06147f021b6d,No,United States
222,Jorshua,sentientlasagna,"The Silence [SSC7, Australia]",Jorshua,https://suno.com/song/dd7d62d0-fc5c-4e0c-8258-2546b6ab097e,No,Australia
223,Wizardx07,wolala7134,"胡蝶幻渦(Phantom Vortex of the Butterfly) [SSC7, Taiwan]",wizardx07,https://suno.com/song/b3135a5b-6bde-4114-90dd-b6f5e5669a75,No,Taiwan
224,Vonix,twinjazv2,"Riptide [SSC7, Australia]",vonix,https://suno.com/song/de0ccde8-265c-432b-bc5c-1cc7d1e12484,No,Australia
225,起手氏Begin Clan,twjingzun,"🎶《One Slash, One Life》🎶 [SSC7, Taiwan]",起手氏Begin Clan,https://suno.com/song/4eca5788-0479-4a7a-ab09-fdcef300dfb3,No,Taiwan
226,🌙 Inu-Kaze,inukaze_63274,"PET (Fading Light Remix) [SSC7, Japan]",🌙 Inu-Kaze poppin 🌸🌪️,https://suno.com/song/f97c1f6d-e0ce-4a07-bef8-cc23bc8e2983,No,Japan
227,Abel,abelwolf84,"Queen of the Crows [SSC7, Hungary]",Abel Wolf,https://suno.com/song/64d29c70-cf7d-4079-8407-3dca89cdb4c8,No,Hungary
228,Shira Wiggles ,yuyu_58515,"Simulated Love [SSC7, United States]",Yuyu White,https://suno.com/song/b36824bc-ae0c-4083-824e-19c833c7ffbc,No,United States
229,cts1351,cts1351,"Undeniable [SSC7, South Korea]",caits,https://suno.com/song/9f27f40c-02a9-4c49-8cea-f76ddb3738eb,No,South Korea
231,Falcon,falcon22_22,"Don't Sleep  [SSC7, United States]",Falcon,https://suno.com/song/3668cb74-e197-4180-8870-a8a11f89031b,No,United States
232,LeCoffeeCat,lecoffeecat,"Strangers [SSC7, Brazil]",Amanda Magellan,https://suno.com/song/8425d203-443f-4007-a60a-15b01d8b3637,No,Brazil
233,𒊍IMΩRTΔLIS𒊍,lucipheles,"Cry of the Lost Star [SSC7, Belgium]",𒊍☬Lucipheles☬𒊍,https://suno.com/song/d99fe2d1-6cb7-4d73-afd8-eb3441e525ad,No,Belgium
234,Thebangpassing,ihatetoma50,"TRUE [SSC7, United States]",E.M.AL,https://suno.com/song/d3bec068-32fd-4d3e-964e-3b6751f17e77,No,United States
235,𝖵𝗂𝖼𝗄𝗒 ♡ 𝖵𝗏𝗑𝗇,vicky.ox,"DEVIL'S POISON [SSC7, Canada]",Vvxn,https://suno.com/song/eda10015-595a-46ab-9dc9-fd741aca14a2,No,Canada
236,PKay/Bambuskartoffel,pkay89,"Dancing in the Rain [SSC7, Germany]",PKay,https://suno.com/song/9054f927-54a1-49e0-a288-320c29788a23,No,Germany
238,Tykoli,tykoli,"Guilty For You [SSC7, United States]",Tykoli,https://suno.com/song/78cf7497-6733-443e-b75d-107052897f2c,No,United States
239,HF RUGAL,hardfarter," Lothlórien [SSC7, United States]",HF RUGAL,https://suno.com/song/e46fef6c-88bd-4c57-bbc9-2c27a990ddbe,Yes,United States
240,Rastvas,rastvas,"Creyst [SSC7, Taiwan]",Rastvas,https://suno.com/song/e34c4d68-7e59-438e-be71-99e948b9c890,No,Taiwan
241,tomnus,tomnus,"What Am I Doing? [SSC7, United States]",tomnus,https://suno.com/song/b0fd0448-d3c7-4a8d-97ff-d445577a557f,No,United States
242,🏆桂花巷子🏆Osmanthus Alley,nein543217297,"The Light That Waited Millennia [SSC7, Taiwan]",桂花巷子/Osmanthus Alley,https://suno.com/song/d4a422e2-9ee3-4540-a990-49a519cc6999,No,Taiwan
243,Meiva,meiva_meffka,"Featherfall [SSC7, Poland]",Meiva,https://suno.com/song/c304da3a-d652-4d89-9ac9-53f88b56d65b,No,Poland
244,SirBitesalot,sirbitesalot,"Once More [SSC7, Germany]",SirBitesAlot,https://suno.com/song/96e28b80-b684-42f5-a64c-5e4d64917b65,No,Germany
245,Sara Hoshino,sarahoshinovt,"Nebulight [SSC7, United States]",Sara,https://suno.com/song/8a67a41e-f70f-4b7a-a0f3-045298ca4735,Yes,United States
246,Pan,pan1674,"Entropy [SSC7, Austria]",Pan,https://suno.com/song/4d5e9a25-3f12-4562-ab1d-dbdbf1882b12,Yes,Austria
247,DARoss,Nem3sis M.A.I.G,"Stand for the silent [SSC7, United States]",Unknown Artist,https://suno.com/song/6cab8bf8-8e3d-43b8-83f6-b7514633868f,No,United States
248,Eqvirther,eqvirther,"Mercy Lag [SSC7, Germany]",Eqvirther ✒️,https://suno.com/song/eec7040e-d913-47bd-b1d2-0e554e3e8d53,No,Germany
249,Nyxen,Nyxen.kuromiya,"System Fail - システム・フェイル [SSC7, Japan]",Nyxen Kuromiya,https://suno.com/song/02451281-7d3c-4c14-8432-d85e0b49633d,No,Japan
250,Fresh Vibes Boutique,freshvibesboutique,"Clearer Than Ever [SSC7, Romania]",Fresh Vibes Boutique,https://suno.com/song/dc1dc0dc-bd01-419f-a9c3-9a02bca21aa4,No,Romania
251,lijanna,lijanna,"I don’t want to! [SSC7, Germany]",ᒪᎥᒎᗩ,https://suno.com/song/87015dec-d1d0-4f6f-9dea-474135bafaf5,No,Germany
252,Mr Derpy (ShsSlayer),.mrderpy,"Crown of Thorns [SSC7, United States]",ShsSlayer,https://suno.com/song/1d0a6986-9931-4502-bd68-8d407cccb480,No,United States
253,XxSp1derxX,XxSp1derxX,"The Boy I Left Behind [SSC7, Germany]",XxSp1derxX,https://suno.com/song/141fd946-5851-4098-8418-5729b42d8509,No,Germany
254,Laga George,laga_george,"I burned SUNO down  [SSC7, Taiwan]",Laga George,https://suno.com/song/c68f49b3-3f51-4cf6-9fb5-8e6a4ba00032,No,Taiwan
255,German Rebell,egelad,"AI Haters [SSC7, Germany]",German Rebell,https://suno.com/song/25652158-2d11-4091-88f7-dd976067e2d4,No,Germany
256,Lingsam,lingsam,"魅 Nymph [SSC7, China]",雪國,https://suno.com/song/17ea2d5f-ce0f-49e8-816d-2ec862680fc3,No,China
257,Panthera,panthera_may,"You Shot Me [SSC7, Spain]",PantheraSounds,https://suno.com/song/a7dfd4ab-c8f9-46dd-ac01-8fec7faf0c68,No,Spain
258,DSC_Grim (Steep Descent),dsc_grim,"Keep Holding On [SSC7, United States]",Steep Descent,https://suno.com/song/a68a03aa-4d76-4070-b5d5-100aa30005c9,No,United States
259,@dr_dimio,kreativdimi,"Glitch of the Five  [SSC7, Germany]",DR.DiMIO,https://suno.com/song/4da69f38-f813-4711-87aa-82186b841acc,No,Germany
260,Cr0za,pinescreamer,"WALLFLWR//THE_LIE [SSC7, Canada]",Cr0za,https://suno.com/song/a3fa4dae-d182-4900-9ec7-b4d9517de11c,No,Canada
261,FiosThaFlame,fiosthaflame,"Peace & A Playlist (Emotionless) [SSC7, United States]",FiosThaFlame,https://suno.com/song/1b90b919-ec92-4a3f-bb55-663ea432f2ae,No,United States
262,DiggerMc,diggermc,"Paper Cuts & Power Chords [SSC7, Germany]",DiggerMc,https://suno.com/song/80cccc55-68f4-4579-a03f-f94bc6b118a8,No,Germany
263,Ísar,enzane,"IF // THEN [SSC7, Iceland]",ENZane,https://suno.com/song/7ac8c391-8097-4f4f-9f60-59f7de364553,No,Iceland
264,julian1932,julian1932,"Falsche Fährten [SSC7, Liechtenstein]",🇱🇮 𝑅𝑒𝓈𝒾𝒹𝑒𝓃𝓏𝒞𝒽𝒶𝑜𝓈 🇱🇮,https://suno.com/song/7547911f-ce93-41ae-8b4f-d22d317c09f3,No,Liechtenstein
265,Olivenmensch,olivenmensch,"GAME OVER [SSC7, Germany]",Olivenmusic,https://suno.com/song/73aa3a78-342a-45e3-b6f3-fd8fdca218ca,No,Germany
266,NAFO_Merlin6805[PNEU],merlin68,"Northern Lights [SSC7, Sweden]",Leidfeuer,https://suno.com/song/b206c5c1-fde1-4f73-8671-38691e46cd44,No,Sweden
267,silamos,silamos,"Tribe meets AI [SSC7, Taiwan]",Silamos,https://suno.com/song/ca5d9c1b-8d22-4cd2-8402-7e0a37886018,No,Taiwan
268,@kubisound,Kubi,"The World Inside Me [SSC7, Germany]",Kubi,https://suno.com/song/fda52c0e-d82b-4c8d-a994-6c4b16e4418b,No,Germany
270,Ravenous,rave_nous,"Even in Elysium [SSC7, Germany]",Ravenous,https://suno.com/song/f231043d-2585-44f7-b13d-4a5f223378ae,No,Germany
271,rebelheart84,rebelheart84,"Superstar [SSC7, Germany]",Mister Paddy,https://suno.com/song/a925dcc0-440c-4401-957c-cc0ea545b067,No,Germany
272,Relation,relation_suno,"A message [SSC7, Japan]",Relation,https://suno.com/song/4e338830-352f-4659-ac30-f80bcc3b7b11,No,Japan
273,VJJV4914,izhora2014,"The Spectrum  [SSC7, Russia]",VJJV4914,https://suno.com/song/04c90d9d-c8ce-474b-9f53-5f472223671a,No,Russia
274,Harlechryzz,Harlechryzz,"Rhythm of Us [SSC7, Germany]",Harlechryzz,https://suno.com/song/8d95fe4c-f293-41d4-9a7f-ffc641f8c1ff,No,Germany
275,Caronte,cabudet_77770,"Declaración de Amor [SSC7, Spain]",Caronte,https://suno.com/song/5521c34f-0934-4282-bf2c-26ea23fa3a56,No,Spain
276,(Suno:)Mr.Finnish,mr.oscar,"SSC7 - Observant Sin [SSC7, Finland]",Mr.Finnish,https://suno.com/song/976387a0-8c73-48ae-a21d-11e6c74c1c58,No,Finland
277,snoooze,sleepingtreee,"froghollow [SSC7, United States]",sleepingtreee,https://suno.com/song/ee773661-b319-4e32-904c-67710f4da1ab,No,United States
278,Karaage53,Karaage53,"Beyond the Corridor of Ice [SSC7, Japan]",Karaage53,https://suno.com/song/d9fb24ea-0ffa-4bd7-8248-45d801a625af,Yes,Japan
279,astaRocket,astalossa,"Last Request [SSC7, Japan]",astaRocket🚀,https://suno.com/song/a3b3dcfe-0970-488c-b636-8fb85b3b56a7,No,Japan
280,The2LN,the_lucky_lucky_noob,"Who cares [SSC7, France]",The lucky lucky Noob,https://suno.com/song/b1bee875-bdca-4fbe-8805-528c8f2f3de6,No,France
281,uneal,u1ro_u1ro,"【どんぐりぼうし】(Acorn Cap) [SSC7, Japan]",uneal,https://suno.com/song/bd810f3d-e215-4929-93a2-66a03b669c17,No,Japan
282,Music for life,musicforlife_69231,"Why do this to me? [SSC7, United States]",Crazy pug girl💖,https://suno.com/song/9799fc7e-064a-468c-8b66-130110f58977,No,United States
283,TheAbiffSolaris,xbmforce,"El encaje [SSC7, Mexico]",TheAbiffSolaris,https://suno.com/song/02eed9f7-df2d-4719-8f19-b697214a08b3,No,Mexico
285,Wachilles,Wachilles,"Feuerbringer [SSC7, Germany]",Wachilles,https://suno.com/song/2b770108-3554-4904-b66c-b83ca79095ad,No,Germany
286,Tinnituscope Dreams,tin_man_music,"I CAN (Don't GO) [SSC7, United States]",Tinnituscope Dreams,https://suno.com/song/fb66e18f-08cf-4475-bcb9-06fdf662a2bf,No,United States
287,Maestro ex Machina aka espiritup,donjambalaya,"Der Wrap- Rap - 2025 immer noch lecker Edit [SSC7, Germany]",Maestro ex Machina,https://suno.com/song/c4154c1a-d1e2-40ec-a06c-f57b5d773beb,No,Germany
288,noppies,noppies#2927," Luce verrà / The Light Shall come [SSC7, Netherlands]",TotallyFine,https://suno.com/song/fb9715e3-27f2-436f-b2c6-36b008e06d96,No,Netherlands
289,Rock 'n Rolla,thundrax_17881,"Thumb a ride (v4.5) (Experimental) [SSC7, Germany]",Rock'nRolla,https://suno.com/song/dfd9f98e-1cf7-4380-8bb7-b259961d3149,No,Germany
290,Tamadachi,tamadachi_plus,"Skyscraper Stars of Earth [SSC7, Netherlands]",Diamondachi,https://suno.com/song/d145dcb0-394a-4cf7-9377-33ffeee8c088,No,Netherlands
291,Prxsca_94,prxsca_94_99659,"Shine with Us  [SSC7, France]",hectus prisca,https://suno.com/song/175e228e-0385-4f7b-bd26-25e8cc5a0f35,No,France
292,Zorro1707,Zorro1707,"Between the Dust and the Stars [SSC7, Germany]",Zorro17,https://suno.com/song/ec800b0b-7d4b-4e70-9844-43a7f48eb3c6,No,Germany
293,maverick05746,maverick05746,"I’ll Find A Way [SSC7, United States]",Maverick,https://suno.com/song/9b9db5f8-c701-4fbd-a3e0-b0cdcca0e09b,No,United States
294,ThePurpleShade,thepurpleshade.,"Jazz on BR34KC0R3 [SSC7, South Korea]",ThePurpleShade [TPS],https://suno.com/song/9f02d429-4eb6-4390-a00c-89dce81a86e4,Yes,South Korea
296,Stei Camel,steicamel,"Wrong Child [SSC7, United States]",Stei Camel 🐪,https://suno.com/song/8e73ad82-7a8c-4d16-b0af-3b2d300bff68,No,United States
297,Hullen Haus,hullenhaus_93699,"Echo In Gold [SSC7, United States]",Hullen Haus,https://suno.com/song/24b7bc6f-8a32-462a-823e-6a19e4c6c627,No,United States
298,Vin Mos,vinderp,"Coulda [SSC7, Netherlands]",Vin Mos,https://suno.com/song/6b8c1cea-61f8-4394-b02f-1a458e06b62e,No,Netherlands
299,CarvinCopy,carvinnotcarbon,"A Better Man [SSC7, United States]",CC,https://suno.com/song/67ebc83a-593b-4832-8c04-684dfcd6724c,No,United States
300,K.P.Diem,k.p.diem_08189,"Every likkle ting mi ave mi grateful [SSC7, Germany]",K.P. Diem,https://suno.com/song/fbac4328-f1a6-4f68-94b8-40f09b480707,No,Germany
301,Cihlin,christer_90221,"Outside Lookin' In [SSC7, Sweden]",Cihlin,https://suno.com/song/83414176-5de3-43ba-b7e1-371516f7eb6b,No,Sweden
302,The Zárister / Ivanorix I,ivanov.x.el.glorioso,"Ninguna Guerra Más [SSC7, Spain]",The Zárister,https://suno.com/song/b5fbabd0-c49e-422f-aba9-4889fcf834d4,No,Spain
303,kyoukhana,kyoukhana,"Summer Lovin [SSC7, Canada]",cosmiclights,https://suno.com/song/45b5e2b9-3ab9-42d9-8e4e-962aaee521f1,No,Canada
304,FAUX MOI,acapuck,"Unimaginable [SSC7, United States]",FAUX MOI,https://suno.com/song/e21ec25f-476f-4e72-92be-fdb64903afc1,No,United States
305,MLS -ESDS - VA,mylab_56723,"LOBA - El Sapote de Sinaloa [SSC7, Spain]",MyLab Soundsystem,https://suno.com/song/89aca953-f97e-46d3-90dd-f02ad176931a,No,Spain
306,1mmojunkie,1mmojunkie,"Forgotten Brother × Guardian Sister [SSC7, United Kingdom]",1mmojunkie,https://suno.com/song/79323e8e-a0f7-4158-a881-97b4d99fe3ec,No,United Kingdom
307,Dragnier (The Cybard Project),dragnierdraconai,"Crown Me, Hatter [SSC7, United States]",Dragnier Draconai,https://suno.com/song/843856b4-5dad-457d-9964-e46dfcec0126,No,United States
308,mclethal.,mclethal.,"SEE YOU NEXT TIME [SSC7, Singapore]",Yusry De Luna,https://suno.com/song/d4576f91-c98a-48aa-b858-2180231f3c72,No,Singapore
309,Cheshirah,cheshirah_x,"Leb Wohl, My Love [SSC7, Sweden]",Cheshirah,https://suno.com/song/c1eff647-d043-4226-adc5-157f8d244879,No,Sweden
310,Zx-++-,zx890001,"断罪-Conviction [SSC7, Malaysia]",ChillVibeCircuits,https://suno.com/song/8ae5b71e-bfcc-4c18-bc91-2991d75201fa,No,Malaysia
311,Evely Onyx,evelylove,"Unseen [SSC7, Germany]",EvelysMusicJourney,https://suno.com/song/22ff2083-4ac4-4ee9-9e58-07147140c10f,No,Germany
312,Zim64,playerz64.,"savepoint [SSC7, Brazil]",Z64,https://suno.com/song/c01b4a6d-16f4-4711-95c0-ff44e6635f2d,No,Brazil
313,Violet Empress,black7spades,"September [SSC7, Australia]",Violet Empress,https://suno.com/song/40679cf3-1994-4ce7-aa1e-d3c87266e672,No,Australia
314,Tain Atlas,themonti8305,"Look into Me [SSC7, Italy]",Tain Atlas,https://suno.com/song/3fadd186-9d5c-4067-b77c-ce4301d7a7ab,No,Italy
315,StadtRotFuchs,.stadtfuchs,"What do I actually think I am doing? [SSC7, Germany]",StadtRotFuchs,https://suno.com/song/08b44b05-b47d-4873-9f3a-8f1ebb002b80,No,Germany
316,MidnightHour,midnighthour_6666,"沉沒 . Sinking [SSC7, Taiwan]",MidnightHour,https://suno.com/song/494bddf6-3335-4347-9f6f-1dc8d5321f1c,No,Taiwan
317,KEEJOSX,keejosx,"Rushflower [SSC7, France]",KEEJOSX,https://suno.com/song/3fde05c1-4639-4dee-afb1-369aed5785af,No,France
318,GRIND,grindplaylists,"CORRUPTED [SSC7, Netherlands]",GRIND,https://suno.com/song/ec575f18-f067-4b76-ae9f-cb0b9ba29e46,Yes,Netherlands
319,AvaIris,AvaIrisMusic,"Two Worlds [SSC7, Canada]",Ava Iris,https://suno.com/song/f2684cfa-3265-4cf5-a2ee-df05a2612a76,No,Canada
320,mjoriex,mjoriex,"CRUSADE [SSC7, Turkey]",Core Refusal,https://suno.com/song/49d7d6d5-3ef0-4d37-8791-9ac8d70c442b,No,Turkey
321,GAZERIEL,luownnd,"Madness Unleashed | 不笑疯癫 [SSC7, China]",GAZERIEL,https://suno.com/song/d1b1e0b2-835a-4732-a66d-de9e4470f683,No,China
322,Martin,Just_Martin97,"Unbroken [SSC7, Denmark]",JustMartin97,https://suno.com/song/dbf3998c-0414-4825-9ca7-5b30e513d87d,No,Denmark
323,S.Seer,sseer_,"Another Day, Another Dollar [SSC7, Philippines]",S.Seer,https://suno.com/song/c237f454-3adb-46f8-be6f-1762dcd23be4,No,Philippines
324,rebelsdigital,rebelsdigital,"Root code  [SSC7, Canada]",RebelsDigital,https://suno.com/song/c41b4e5e-bcb2-4133-b522-13256017f942,No,Canada
326,Alan Teixeira ,alanteixeira,"Voices of silence [SSC7, Brazil]",Alan Lucas Teixeira,https://suno.com/song/4098d957-a35e-4e6d-999c-968464427254,No,Brazil
327,paikezhang,paikezhang,"幻灭 [SSC7, China]",alzoooo,https://suno.com/song/32143766-1a11-47a4-a367-eacd1e536472,No,China
328,kindkid,kindkid8,"Sand [SSC7, United States]",kindkid,https://suno.com/song/c3b25f2e-e052-483e-86b1-ed52569efa49,No,United States
329,CoolBeatLim,coolbeatlim,"We are the G.O.A.T [SSC7, Singapore]",【Cool⭐Beat】,https://suno.com/song/88d2e51b-5483-41b0-9955-23edd0e47f54,No,Singapore
330,Axxxi,Axxxi,"Cosmoshamansha [SSC7, United States]",Axi Warrior,https://suno.com/song/62004700-90f8-4835-9de9-d80ca9842ae2,No,United States
331,Anton B.,anton.b.,"CALL OF THE ANCIENT PACK [SSC7, Germany]",Chronist,https://suno.com/song/bf331ce8-3fc6-41e6-b9a3-dabc382bcb3f,No,Germany
332,LiliyExie,Exie,"When It All Falls Down [SSC7, United States]",🐾💜Sesi💜🐾,https://suno.com/song/38a2fc30-80b3-44d6-8b1f-e6f168ed88ef,No,United States
333,Stan C.,s.t.a.n_c,"Wake Up [SSC7, Germany]",Stan C,https://suno.com/song/ca5f8af8-9ba4-46fb-9cc0-9b704ff1ef3f,No,Germany
334,mroshe,mroshe_94596,"Ruchome Mosty [SSC7, Poland]",RosheX,https://suno.com/song/92a3d41e-71e2-4203-8e17-ef42f46aa03d,No,Poland
335,Sebmeister | SebsSunoStreams,somethingnew0610,"Tryin' [SSC7, Netherlands]",SebastiaanVW,https://suno.com/song/62f78323-119e-4537-8d9c-700220cc6b70,No,Netherlands
336,Proxwarrior33,Proxwarrior33,"Auroraraptors [SSC7, Finland]",Proxwarrior33,https://suno.com/song/38f0c8cd-bab3-47f6-9647-f81de4ea36e2,No,Finland
337,Jboy,jboy_64720,"The Real Me (I am Freaky) [SSC7, Australia]",Jboy_25,https://suno.com/song/56944ab2-dd07-45a1-811d-47d6d4d3b61f,No,Australia
338,ZARQ,robin_zarq,"Signal Bloom [SSC7, South Korea]",ZARQ,https://suno.com/song/f28f3245-79bd-466d-9a53-c14167e78eb9,No,South Korea
339,Gannayev,gannayev,"Meritokrasi Utopia [SSC7, Indonesia]",Gannayev2,https://suno.com/song/b2f679c2-6cb1-4964-8947-97c99ce54fa1,No,Indonesia
340,Sashariel,saschariehl,"Behind Closed Doors [SSC7, Germany]",Sashariel (NEYUS),https://suno.com/song/9aa0e9f5-a969-44b2-9084-91d502ba651b,No,Germany
341,-Dan,0_0dan,"Big Battle [SSC7, Norway]",-Dan,https://suno.com/song/5e1bb4b6-3a63-40a2-8795-f781c86e715c,Yes,Norway
342,Carambola,tyrina_,"Salome's Invisible Citadel [SSC7, Italy]",Leader One,https://suno.com/song/e9654e7f-ed4a-416d-b04d-bd0be4dcf2a2,No,Italy
343,Leordex,leordex_34212,"Witch [SSC7, Russia]",Lainis,https://suno.com/song/6f926d06-9bfd-4214-82a2-34bee840807b,No,Russia
344,Kar Stoertebecker,der_grimm,"Café Encounters [SSC7, Germany]",Kar Stoertebecker,https://suno.com/song/023ef9f0-35bc-43f5-83d1-376096b318c7,No,Germany
345,Mert,redlog0,"Katran ve Yağmur [SSC7, Turkey]",Jynox,https://suno.com/song/24c4d21b-6555-4c32-8f94-79dd07df21c7,No,Turkey
346,Cyber_ia(),nemo_space555.,"Brain Off [SSC7, Russia]",Cyber.ia,https://suno.com/song/946fa6cb-4b20-4b14-a096-f03f10f66a47,No,Russia
347,idiotik artwerks,threnody_,"Scars Like Constellations [SSC7, United States]",idiotik artwerks,https://suno.com/song/3ff83152-a0fa-47b7-ae79-aef69acedc9e,No,United States
348,FOX_UDON,fox_udon_78320,"Phantom Kindness [SSC7, Japan]",FOX UDON,https://suno.com/song/41f3834f-7d9b-4a00-b705-fb0be70f0003,No,Japan
349,atom,atom1785,"The Witness   [SSC7, Israel]",Avshalom Agmon,https://suno.com/song/bfc251b7-8d12-41cd-a425-e80c1ddf0e30,No,Israel
351,Viisipuu,viisipuu,"Flame in the Cold of June [SSC7, Finland]",Viisipuu,https://suno.com/song/065fcdf5-e888-4a91-9e4f-4bbda025e5bf,No,Finland
352,BaxCollyns,baxcollyns_86293,"Baby Boy [SSC7, United States]",Bax Collyns,https://suno.com/song/87adafad-4542-4a27-85ea-c80da34fb8cd,No,United States
354,"Miloš ""spajk"" Práchenský",spajkovej,"You´re The Light [SSC7, Czechia]",Anthony  Pavlata,https://suno.com/song/7585ec02-3318-4e4a-9066-2504139407ee,No,Czechia
355,Sen,__sen0,"The Final Act in Black [SSC7, India]",Sen,https://suno.com/song/5b316d5a-d35a-45d7-b3cc-2d83630a23b4,No,India
356,N/0/LL,nimsul,"ECHO PRAXIS [SSC7, United States]",N/0/LL,https://suno.com/song/b839d097-70da-49fb-93e1-d76f0ee65c22,Yes,United States
357,Sawchang,sawchang,"METEOR FUNK [SSC7, Japan]",Sawchang,https://suno.com/song/f30f582b-f3bb-4875-a3f9-2a53e849400b,No,Japan
358,Heymow,heymow,"Silence [SSC7, France]",Heymow,https://suno.com/song/6b3b037d-2d2a-4e9a-8082-26dd78f12d3b,No,France
359,Magic Musician,magic_musician,"Move [SSC7, Germany]",Magic Musician,https://suno.com/song/1d23190e-adaf-4476-b510-447bbee2ac55,No,Germany
360,The Weeping Reaper,tdigital712,"Paper Chains [SSC7, United States]",The Weeping Reaper,https://suno.com/song/ca3b68d9-026b-4e4f-867d-414419748e8a,No,United States
361,Mone/Antonia,Mone3927,"Epic of Kings and Gods [SSC7, Germany]",AurorAI,https://suno.com/song/e3c499c4-b6c5-4b7c-8d41-30e9dc8743ca,No,Germany
362,LittleMerlin,littlemproject,"Glut, Nacht, Traum, Stimme, Licht [SSC7, Germany]",LittleMerlin,https://suno.com/song/04b4217e-6e2a-4f94-a2d4-04b63f0adb53,No,Germany
363,Lungcorf,lungcorf,"A Complicated War Within [SSC7, Russia]",Lungcorf,https://suno.com/song/84f5c7ca-0746-41c1-b127-1320629db7ed,No,Russia
364,Synthese,Syntheserap,"No soy santa pero tú tampoco [SSC7, Peru]",Mon chant enchanté,https://suno.com/song/601685b7-10b6-4ec8-b1a0-9258d013c599,No,Peru
365,Digidali,digidali,"Body Chemistry [SSC7, Australia]",MoonPunk,https://suno.com/song/0784ca57-e574-4e11-893b-1073c79e6b1f,No,Australia
366,Evelmo,_evelmo_,"Artista [SSC7, Italy]",Evelmo,https://suno.com/song/21e97524-7a68-42d6-a224-6bec2d23e383,No,Italy
367,DANI ,@danimonteiro0999.Monteiro,"Gasoline [SSC7, Brazil]",Danii Monteiro 🥰😍,https://suno.com/song/9d32cff2-594b-4959-ad60-a35b71c422a0,No,Brazil
368,RejSende,rejsendemusic,"Unmasked [SSC7, Bulgaria]",AIMORI,https://suno.com/song/0fa2a957-443e-4195-ac9c-f8407e6b6b3c,No,Bulgaria
369,Darion Wicx,darionwicx,"Woodstock '99 [SSC7, United Kingdom]",DarionWicx,https://suno.com/song/c1aaf6cc-7cdd-4e32-b6f9-2988d3fd1dab,No,United Kingdom
370,Savana or (5av) depending on if i post in your server,Friskiyboot,"Strange Creek [SSC7, United States]",Savvy,https://suno.com/song/63c3889f-b844-45c5-b466-097106c0744e,No,United States
371,Coffee Cup,somecoffeemug,"Wondering Why [SSC7, United States]",SomeCoffeeMug☕️,https://suno.com/song/1e3253f3-0ade-489f-9ec5-dcb92b6ed540,No,United States
372,Sinnoe,sinnoe,"House of Spears [SSC7, Australia]",Sinnoe,https://suno.com/song/711b76ea-9526-49b8-a118-978087000e3f,No,Australia
373,Xela.Red.Music,xela.red.music,"Still Won't Say it! [SSC7, United States]",Rednaxela,https://suno.com/song/b152fa83-6742-4a09-82e9-8de408a77011,No,United States
374,♚ ๑༄ ღ❥ ۵ 𝕽σყαʅʅყ ♅ҽʅʅ ↜♆𖤐,@royallhell,"Pink Devil Era (Make Way) [SSC7, United States]",✷ 𝓔𝓻𝓲𝓬𝓪 ♚  𝓗𝓮𝓪𝓿𝓮𝓷 ✵,https://suno.com/song/492995c8-2e5b-49b7-9f86-d03d45cb3518,No,United States
375,HIDEROCK,hiderock_ai," Octpuses Must Be Aliens [SSC7, Japan]",HIDEROCK,https://suno.com/song/b1379bdb-31d9-4d2c-86a2-c1e331817cef,No,Japan
376,Sir N™,realsirn,"Etiquette Of Pain [SSC7, United States]",SirN,https://suno.com/song/04ac519d-5f49-422d-a6f4-010b1d441936,No,United States
377,WorpeX,WorpeX,"Green Fairy [SSC7, United States]",WorpeX,https://suno.com/song/fe10ed10-9921-44ea-a11b-f85e1fe2411e,No,United States
378,DNormous,dnormous.,"Turtles and Toads [SSC7, United States]",Dnormous,https://suno.com/song/a523fcd2-8382-446d-afad-4b15a75df734,No,United States
379,crispity,crispity.,"Icarus (Remix) [SSC7, United States]",crispity,https://suno.com/song/ebe14f90-43a6-4f3a-a09d-9cd7d611fb7e,No,United States
380,Final Circle,fulltryhard1,"Living on borrowed Time [SSC7, Germany]",Final Circle,https://suno.com/song/44230297-6a9f-4f42-a17c-cbb294d62640,No,Germany
381,Qadriq,qadriq,"Start Again [SSC7, Romania]",Qadriq,https://suno.com/song/16c095d5-fa9b-43d6-9d32-69b8ef70e857,No,Romania
382,Vyn,vynicious,"Abscond [SSC7, Germany]",vynicious 🦊,https://suno.com/song/5063754d-ab9b-4886-a3a4-eb36412894a2,No,Germany
383,amanRh,amanrh,"SBS, Setahun Bersama Suno [SSC7, Indonesia]",⎔° amanRh83 the angklungMann,https://suno.com/song/57f0c6b6-6616-4b82-ae38-5946c155de7a,No,Indonesia
384,Pixelated Monster,pixelatedmonster,"Stuck in the Honey [SSC7, Canada]",PixelM,https://suno.com/song/f6aebbda-36fa-4f13-8898-495df597db4f,No,Canada
385,L0stKydz,l0stkydz_official,"Can I? [SSC7, United States]",L0stKydz,https://suno.com/song/b15bc618-0322-461a-859c-ed6b033d5444,No,United States
386,ymzk_po,ymzk_po,"DepenDream [SSC7, Japan]",オオタカ三鷹,https://suno.com/song/d5fd6b8c-30b6-49c1-9bb2-e8ec6ddac8e4,Yes,Japan
387,YUKi!,yuki5v5yuki,"Marrowborne Pilots [SSC7, Japan]",YUKi!,https://suno.com/song/593e2c08-4ce6-4607-bf6f-eb7a79e717d4,No,Japan
388,Cha Hal,chahal707,"Lose You [SSC7, India]",✪ 𝑪𝑯𝑨-𝑯𝑨𝑳 ✪,https://suno.com/song/9776b1f4-2575-4213-8283-a3ff5046b05d,No,India
389,Pegasus,Mazxch,"I Never Was [SSC7, United States]",Pegasus,https://suno.com/song/08275617-5353-416c-b3c7-d47dff16ad5f,No,United States
390,Malakayi,malakayi,"No One Runs From Hell (And Ever Comes Back) [SSC7, Germany]",Malakayi,https://suno.com/song/996c5568-a599-4419-83b6-b65b702240e8,No,Germany
391,Starskream,.starskream,"Rubble & Debris [SSC7, United States]",skreamb0t,https://suno.com/song/63e34ab9-8e3b-4325-b23b-3e0d394cfe2a,No,United States
392,billsboss,billsboss,"Summer Crush [SSC7, Canada]",UnchangingSuites070,https://suno.com/song/dd3729ac-294e-4638-8604-d5218a79f9ba,No,Canada
393,jemesblack,jemesblack,"Requiem Song [SSC7, Italy]",jemesblack,https://suno.com/song/5e99d75f-7e6f-4096-9398-31313fc2a0a5,No,Italy
394,E-artist,lili_40555,"CAN I BE YOUR BEST MAN ? [SSC7, United Kingdom]",E-artist,https://suno.com/song/2b8872ae-fb50-4a95-9292-fff8458c2cef,No,United Kingdom
395,PuffinsAreCoolToo,funtime45,"Singe Hare [SSC7, United States]",PuffinsAreCoolToo,https://suno.com/song/6a5f2d6a-0817-46ae-bd2d-2cf2f4d90a1d,No,United States
396,mastastudios,mastastudios,"FEELS LIKE GOLD [SSC7, Serbia]",MASTA - STUDIOS,https://suno.com/song/4e622c30-39e7-4225-8e5b-08f4994a3847,No,Serbia
399,danieljtrujillo,danieljtrujillo,"Thank 'em for Me - Tom Lehrer vs GANTASMO [SSC7, United States]",The Skateborg,https://suno.com/song/20ad6efc-ef96-4c53-a8ea-bb972a03e948,No,United States
400,MikeJames,mikethinks,"Devil for Real [SSC7, United States]",Combathangar,https://suno.com/song/402f2521-8612-4640-ad54-c8e538bc7b1e,No,United States
401,midknightoil,midknightoil.,"Two Sides of a Coin [SSC7, United States]",Midknightoil ☢,https://suno.com/song/88c299eb-9dca-47d4-8175-efd1f77eea77,No,United States
